gyroX_mean,gyroY_mean,gyroZ_mean,accelX_mean,accelY_mean,accelZ_mean,gyroX_std,gyroY_std,gyroZ_std,accelX_std,accelY_std,accelZ_std,target_column
-0.0425424993038177,-0.00242000073194501,-0.005555001460015779,-0.04704664722085001,0.6025482654571533,0.7867916584014892,0.0487305696915618,0.21933011991373894,0.09291198753474096,0.11556231558605495,0.05465169494543508,0.044917108950102126,G
0.06825499963015313,0.09278499819338319,0.05541249848902222,-0.10350017994642254,0.6466398000717163,0.7438197731971741,0.11714050061157415,0.34489024861626544,0.025172828202316165,0.038144996886488154,0.010010066610213088,0.015532115050872765,G
0.09811999797821044,0.11714999973773957,0.022935000527650122,-0.01786848902702328,0.5610264599323272,0.8092060208320617,0.1005540828404935,0.17849239710025025,0.04827106015476598,0.09139958077495274,0.055096921620282485,0.018192618694984616,G
-0.04886750131845472,-0.07235249765217304,0.01221000002697108,-0.00236472226679324,0.44003101587295534,0.9142969489097595,0.08910687609202882,0.19168960286273534,0.022061659747087806,0.1023933230092463,0.06407490276534548,0.04095643132728293,G
